,站点名称,POI编号,拼音名称,换乘标志 1:换乘，0:不可换乘,su,sid编号,gd经度,gd纬度,路线名称,城市名称
0,汉口北,BV10060938,han kou bei,0,1,420100034364030,114.329481,30.711953,1号线,武汉
1,滠口新城,BV10060937,she kou xin cheng,0,1,420100034364029,114.342372,30.684553,1号线,武汉
2,滕子岗,BV10060936,teng zi gang,0,1,420100034364028,114.341474,30.674527,1号线,武汉
3,堤角,BV10060935,di jiao,0,1,420100034364027,114.338273,30.665863,1号线,武汉
4,新荣,BV10060934,XinRong,1,1,420100034364026,114.332763,30.657595,1号线,武汉
5,丹水池,BV10060933,dan shui chi,0,1,420100034364025,114.330017,30.643386,1号线,武汉
6,徐州新村,BV10060932,xu zhou xin cun,0,1,420100034364024,114.322936,30.631171,1号线,武汉
7,二七路,BV10420613,er qi lu,0,1,420100034364023,114.318749,30.625032,1号线,武汉
8,头道街,BV10060931,tou dao jie,0,1,420100034364022,114.313923,30.617818,1号线,武汉
9,黄浦路,BV10060930,huang pu lu,1,1,420100034364021,114.308156,30.608404,1号线,武汉
10,三阳路,BV10057861,san yang lu,1,1,420100034364020,114.301348,30.598718,1号线,武汉
11,大智路,BV10057868,da zhi lu,1,1,420100024335017,114.295038,30.592581,1号线,武汉
12,循礼门,BV10060903,xun li men,1,1,420100024404014,114.285992,30.585234,1号线,武汉
13,友谊路,BV10057864,YouYi Lu,0,1,420100034364017,114.278415,30.580865,1号线,武汉
14,利济北路,BV10058518,li ji bei lu,0,1,420100034364016,114.270119,30.577433,1号线,武汉
15,崇仁路,BV10060929,chong ren lu,0,1,420100034364015,114.261901,30.573909,1号线,武汉
16,硚口路,BV10060928,? kou lu,0,1,420100034364014,114.250444,30.571547,1号线,武汉
17,太平洋,BV10060927,TaiPingYang,0,1,420100034364013,114.240741,30.574025,1号线,武汉
18,宗关,BV10060863,ZongGuan,1,1,420100024331016,114.224975,30.580306,1号线,武汉
19,汉西一路,BV10059569,HanXi YiLu,0,1,420100034364011,114.218822,30.585491,1号线,武汉
20,古田四路,BV10060926,GuTian Si Lu,0,1,420100034364010,114.211532,30.589347,1号线,武汉
21,古田三路,BV10060925,gu tian san lu,0,1,420100034364009,114.204740,30.593382,1号线,武汉
22,古田二路,BV10060924,gu tian er lu,0,1,420100034364008,114.196667,30.597536,1号线,武汉
23,古田一路,BV10060923,gu tian yi lu,0,1,420100034364007,114.183062,30.604521,1号线,武汉
24,舵落口,BV10060922,duo luo kou,0,1,420100034364006,114.169464,30.609907,1号线,武汉
25,竹叶海,BV10060921,zhu ye hai,0,1,420100034364005,114.163868,30.615064,1号线,武汉
26,额头湾,BV10060920,e tou wan,0,1,420100034364004,114.155941,30.618460,1号线,武汉
27,五环大道,BV10058111,wu huan da dao,0,1,420100034364003,114.138907,30.617699,1号线,武汉
28,东吴大道,BV10058113,dong wu da dao,0,1,420100034364002,114.128567,30.624968,1号线,武汉
29,码头潭公园,BV10854640,MaTouTan GongYuan,1,1,420100024335032,114.123644,30.631684,1号线,武汉
30,三店,BV10854639,san dian,0,1,420100034364032,114.120804,30.649056,1号线,武汉
31,径河,BV10854641,jing he,0,1,420100034364031,114.120828,30.659055,1号线,武汉
32,佛祖岭,BV10890079,fo zu ling,0,1,420100024404030,114.439777,30.438671,2号线,武汉
33,藏龙东街,BV10890078,cang long dong jie,0,1,420100024404031,114.429655,30.437026,2号线,武汉
34,秀湖,BV10890081,xiu hu,0,1,420100024404032,114.421034,30.447747,2号线,武汉
35,金融港北,BV10890077,jin rong gang bei,0,1,420100024404033,114.420416,30.461963,2号线,武汉
36,黄龙山路,BV10890083,huang long shan lu,0,1,420100024404034,114.429936,30.477465,2号线,武汉
37,武汉东站,BV11472570,WuHan DongZhan,1,1,420100024404035,114.431755,30.486956,2号线,武汉
38,佳园路,BV10890082,jia yuan lu,0,1,420100024404036,114.430905,30.500021,2号线,武汉
39,光谷大道,BV10890080,guang gu da dao,0,1,420100024404037,114.423817,30.506535,2号线,武汉
40,华中科技大学,BV10890084,hua zhong ke ji da xue,0,1,420100024404038,114.414237,30.507410,2号线,武汉
41,珞雄路,BV10890085,luo xiong lu,0,1,420100024404039,114.404837,30.506941,2号线,武汉
42,光谷广场,BV10060895,guang gu guang chang,0,1,420100024404002,114.397169,30.505760,2号线,武汉
43,杨家湾,BV10060896,yang jia wan,0,1,420100024404003,114.382732,30.505122,2号线,武汉
44,虎泉,BV10060897,hu quan,0,1,420100024404004,114.370478,30.512359,2号线,武汉
45,广埠屯,BV10057875,guang bu tun,0,1,420100024404005,114.364207,30.522437,2号线,武汉
46,街道口,BV10057878,JieDao Kou,1,1,420100024404006,114.353503,30.526597,2号线,武汉
47,宝通寺,BV10060898,bao tong si,0,1,420100024404007,114.341206,30.530349,2号线,武汉
48,中南路,BV10057882,zhong nan lu,1,1,420100024404008,114.332959,30.537528,2号线,武汉
49,洪山广场,BV10060899,hong shan guang chang,1,1,420100024404009,114.336354,30.545298,2号线,武汉
50,小龟山,BV10060900,xiao gui shan,0,1,420100024404010,114.326520,30.551108,2号线,武汉
51,螃蟹岬,BV10060901,pang xie jia,1,1,420100024404011,114.317476,30.553333,2号线,武汉
52,积玉桥,BV10060902,JiYuQiao,1,1,420100024404012,114.308679,30.561284,2号线,武汉
53,江汉路,BV10060884,jiang han lu,1,1,420100024335016,114.292306,30.579581,2号线,武汉
54,循礼门,BV10060903,xun li men,1,1,420100024404014,114.285992,30.585234,2号线,武汉
55,中山公园,BV10060904,ZhongShan GongYuan,0,1,420100024404015,114.272845,30.581962,2号线,武汉
56,青年路,BV10057867,QingNian Lu,0,1,420100024404016,114.264757,30.585762,2号线,武汉
57,王家墩东,BV10060905,wang jia dun dong,1,1,420100024404017,114.263288,30.594245,2号线,武汉
58,范湖,BV10060859,fan hu,1,1,420100024331012,114.261086,30.607717,2号线,武汉
59,汉口火车站,BV10057987,HanKou HuoCheZhan,0,1,420100024404019,114.254961,30.615485,2号线,武汉
60,长港路,BV10060906,ChangGang Lu,0,1,420100024404020,114.246021,30.627168,2号线,武汉
61,常青花园,BV10060890,chang qing hua yuan,1,1,420100024335024,114.242435,30.640564,2号线,武汉
62,金银潭,BV10060907,jin yin tan,0,1,420100024404022,114.242807,30.650412,2号线,武汉
63,常青城,BV10807916,chang qing cheng,0,1,420100024404023,114.255060,30.658775,2号线,武汉
64,宏图大道,BV10060849,hong tu da dao,1,1,420100024331002,114.277759,30.670353,2号线,武汉
65,盘龙城,BV10807915,pan long cheng,0,1,420100024404025,114.259544,30.700235,2号线,武汉
66,巨龙大道,BV10807913,JuLong DaDao,1,1,420100024404026,114.253845,30.711596,2号线,武汉
67,宋家岗,BV10807917,song jia gang,0,1,420100024404027,114.237299,30.723137,2号线,武汉
68,航空总部,BV10807914,HangKong ZongBu,0,1,420100024404028,114.227261,30.732481,2号线,武汉
69,天河机场,BV10807912,tian he ji chang,0,1,420100024404029,114.216618,30.770624,2号线,武汉
70,沌阳大道,BV10060872,dun yang da dao,0,1,420100024331025,114.157139,30.489376,3号线,武汉
71,东风公司,BV10570861,dong feng gong si,1,1,420100024331024,114.166088,30.500107,3号线,武汉
72,体育中心,BV10570870,TiYuZhongXin,0,1,420100024331023,114.170981,30.506039,3号线,武汉
73,三角湖,BV10060869,san jiao hu,0,1,420100024331022,114.179686,30.516507,3号线,武汉
74,汉阳客运站,BV10633437,han yang ke yun zhan,0,1,420100024331021,114.189054,30.527803,3号线,武汉
75,四新大道,BV10060867,si xin da dao,0,1,420100024331020,114.194631,30.535228,3号线,武汉
76,陶家岭,BV10570863,tao jia ling,0,1,420100024331019,114.201851,30.545591,3号线,武汉
77,龙阳村,BV10570867,long yang cun,0,1,420100024331018,114.206329,30.552879,3号线,武汉
78,王家湾,BV10060864,wang jia wan,1,1,420100024331017,114.210348,30.562121,3号线,武汉
79,宗关,BV10060863,ZongGuan,1,1,420100024331016,114.224975,30.580306,3号线,武汉
80,双墩,BV10060862,shuang dun,0,1,420100024331015,114.232026,30.586660,3号线,武汉
81,武汉商务区,BV10570865,wu han shang wu qu,1,1,420100024331014,114.246879,30.597587,3号线,武汉
82,云飞路,BV10570869,yun fei lu,0,1,420100024331013,114.252144,30.605164,3号线,武汉
83,范湖,BV10060859,fan hu,1,1,420100024331012,114.261086,30.607717,3号线,武汉
84,菱角湖,BV10570866,ling jiao hu,0,1,420100024331011,114.275790,30.604121,3号线,武汉
85,香港路,BV10060857,xiang gang lu,1,1,420100024331010,114.284769,30.605235,3号线,武汉
86,惠济二路,BV10060856,hui ji er lu,0,1,420100024331009,114.291463,30.612937,3号线,武汉
87,赵家条,BV10060855,zhao jia tiao,1,1,420100024331008,114.297076,30.617866,3号线,武汉
88,罗家庄,BV10060854,luo jia zhuang,0,1,420100024331007,114.303976,30.623628,3号线,武汉
89,二七小路,BV10570862,er qi xiao lu,0,1,420100024331006,114.307806,30.628847,3号线,武汉
90,兴业路,BV10060851,xing ye lu,0,1,420100024331005,114.304220,30.641133,3号线,武汉
91,后湖大道,BV10060850,hou hu da dao,1,1,420100024331004,114.304127,30.650284,3号线,武汉
92,市民之家,BV10570864,shi min zhi jia,0,1,420100024331003,114.296806,30.661297,3号线,武汉
93,宏图大道,BV10060849,hong tu da dao,1,1,420100024331002,114.277759,30.670353,3号线,武汉
94,柏林,BV10856744,BoLin,0,1,420100034395030,113.994891,30.582229,4号线,武汉
95,新庙村,BV10856741,XinMiaoCun,0,1,420100034395031,114.009379,30.579826,4号线,武汉
96,临嶂大道,BV10856747,LinZhang DaDao,0,1,420100034395032,114.028590,30.571790,4号线,武汉
97,蔡甸广场,BV10856746,CaiDian GuangChang,0,1,420100034395033,114.041735,30.573054,4号线,武汉
98,凤凰路,BV10856742,FengHuang Lu,0,1,420100034395034,114.060324,30.563412,4号线,武汉
99,新农,BV10856745,XinNong,0,1,420100034395035,114.074791,30.560522,4号线,武汉
100,知音,BV10856743,ZhiYin,0,1,420100034395036,114.091765,30.556845,4号线,武汉
101,集贤,BV10856749,JiXian,0,1,420100034395037,114.112285,30.550087,4号线,武汉
102,新天,BV10856748,XinTian,0,1,420100034395038,114.126339,30.552199,4号线,武汉
103,黄金口,BV10060919,HuangJinKou,0,1,420100034395017,114.145387,30.564055,4号线,武汉
104,孟家铺,BV10060918,MengJiaPu,0,1,420100034395018,114.173901,30.564990,4号线,武汉
105,永安堂,BV10060917,YongAnTang,0,1,420100034395019,114.188919,30.566446,4号线,武汉
106,玉龙路,BV10417325,YuLong Lu,0,1,420100034395020,114.201403,30.564519,4号线,武汉
107,王家湾,BV10060864,wang jia wan,1,1,420100024331017,114.210348,30.562121,4号线,武汉
108,十里铺,BV10417326,shi li pu,0,1,420100034395022,114.219444,30.559320,4号线,武汉
109,七里庙,BV10060914,qi li miao,0,1,420100034395023,114.231208,30.556688,4号线,武汉
110,五里墩,BV10060913,WuLiDun,0,1,420100034395024,114.241105,30.553977,4号线,武汉
111,汉阳火车站,BV10060912,han yang huo che zhan,0,1,420100034395025,114.252849,30.551732,4号线,武汉
112,钟家村,BV10060881,zhong jia cun,1,1,420100024335011,114.266158,30.549283,4号线,武汉
113,拦江路,BV10060911,lan jiang lu,0,1,420100034395027,114.269012,30.542917,4号线,武汉
114,复兴路,BV10060910,FuXing Lu,1,1,420100034395028,114.301225,30.534309,4号线,武汉
115,首义路,BV10060909,shou yi lu,0,1,420100034395029,114.308531,30.533612,4号线,武汉
116,武昌火车站,BV10060908,wu chang huo che zhan,1,1,420100034395002,114.316449,30.530624,4号线,武汉
117,梅苑小区,BV10060939,mei yuan xiao qu,0,1,420100034395003,114.326149,30.530916,4号线,武汉
118,中南路,BV10057882,zhong nan lu,1,1,420100024404008,114.332959,30.537528,4号线,武汉
119,洪山广场,BV10060899,hong shan guang chang,1,1,420100024404009,114.336354,30.545298,4号线,武汉
120,楚河汉街,BV10060940,chu he han jie,0,1,420100034395006,114.341415,30.553848,4号线,武汉
121,青鱼嘴,BV10057887,qing yu zui,0,1,420100034395007,114.349884,30.563720,4号线,武汉
122,东亭,BV10057890,dong ting,0,1,420100034395008,114.355809,30.570267,4号线,武汉
123,岳家嘴,BV10057892,yue jia zui,1,1,420100034395009,114.362010,30.577109,4号线,武汉
124,铁机路,BV10060941,tie ji lu,0,1,420100034395010,114.368895,30.583897,4号线,武汉
125,罗家港,BV10060942,luo jia gang,0,1,420100034395011,114.371540,30.592800,4号线,武汉
126,园林路,BV10060943,yuan lin lu,0,1,420100034395012,114.378123,30.600224,4号线,武汉
127,仁和路,BV10060944,ren he lu,0,1,420100034395013,114.389090,30.605179,4号线,武汉
128,工业四路,BV10060945,gong ye si lu,0,1,420100034395014,114.405848,30.607996,4号线,武汉
129,杨春湖,BV10060946,yang chun hu,0,1,420100034395015,114.416353,30.605300,4号线,武汉
130,武汉火车站,BV10058420,wu han huo che zhan,0,1,420100034395016,114.424376,30.607375,4号线,武汉
131,红霞,BV09174293,HongXia,0,1,900000068659027,114.261845,30.430968,5号线,武汉
132,黄家湖(武科大),BV09177231,HuangJiaHu (WuKeDa),0,1,900000068659028,114.262835,30.443094,5号线,武汉
133,中医药大学,BV10804906,ZhongYiYao DaXue,0,1,900000068659001,114.268778,30.453717,5号线,武汉
134,白沙六路,BV10804910,BaiSha Liu Lu,0,1,900000068659002,114.293232,30.468726,5号线,武汉
135,光霞,BV11527772,GuangXia,0,1,900000068659003,114.293047,30.478528,5号线,武汉
136,张家湾,BV10804909,ZhangJiaWan,0,1,900000068659004,114.293310,30.495453,5号线,武汉
137,烽火村,BV10804916,FengHuoCun,0,1,900000068659006,114.298051,30.509093,5号线,武汉
138,八铺街,BV10804903,BaPu Jie,0,1,900000068659007,114.300559,30.520002,5号线,武汉
139,复兴路,BV10060910,FuXing Lu,1,1,420100034395028,114.301225,30.534309,5号线,武汉
140,彭刘杨,BV10804915,PengLiuYang,0,1,900000068659009,114.301380,30.541015,5号线,武汉
141,司门口黄鹤楼,BV10804921,SiMenKou HuangHeLou,0,1,900000068659010,114.302501,30.546913,5号线,武汉
142,昙华林武胜门,BV10804901,TanHuaLin WuShengMen,0,1,900000068659011,114.305282,30.554209,5号线,武汉
143,积玉桥,BV10060902,JiYuQiao,1,1,420100024404012,114.308679,30.561284,5号线,武汉
144,三层楼,BV10804904,SanCeng Lou,0,1,900000068659013,114.314532,30.569462,5号线,武汉
145,三角路,BV10804922,SanJiao Lu,0,1,900000068659014,114.325308,30.581340,5号线,武汉
146,徐家棚,BV10575217,XuJiaPeng,1,1,900000044147008,114.332095,30.588494,5号线,武汉
147,杨园铁四院,BV10804919,YangYuan TieSiYuan,0,1,900000068659016,114.342932,30.599653,5号线,武汉
148,余家头,BV10804920,YuJiaTou,0,1,900000068659017,114.352171,30.608032,5号线,武汉
149,科普公园,BV10804905,KePu GongYuan,0,1,900000068659018,114.364928,30.617733,5号线,武汉
150,建设二路,BV10804914,JianShe ErLu,0,1,900000068659019,114.376403,30.624951,5号线,武汉
151,和平公园,BV10804902,HePing GongYuan,0,1,900000068659020,114.386836,30.631463,5号线,武汉
152,红钢城,BV10804913,HongGangCheng,0,1,900000068659021,114.401431,30.639088,5号线,武汉
153,青宜居,BV10804917,QingYiJu,0,1,900000068659022,114.419550,30.642611,5号线,武汉
154,工人村,BV10804908,GongRenCun,0,1,900000068659023,114.425801,30.631836,5号线,武汉
155,武钢,BV10804911,WuGang,0,1,900000068659024,114.437232,30.618931,5号线,武汉
156,厂前,BV10804907,ChangQian,0,1,900000068659025,114.434239,30.611409,5号线,武汉
157,武汉站东广场,BV11527771,WuHan ZhanDong GuangChang,0,1,900000068659026,114.426897,30.606713,5号线,武汉
158,新城十一路,BV11638310,XinCheng ShiYi Lu,0,1,420100024335033,114.109439,30.632773,6号线,武汉
159,码头潭公园,BV10854640,MaTouTan GongYuan,1,1,420100024335032,114.123644,30.631684,6号线,武汉
160,五环体育中心,BV11638313,WuHuan TiYu ZhongXin,0,1,420100024335031,114.136902,30.634026,6号线,武汉
161,二雅路,BV11638312,ErYa Lu,0,1,420100024335030,114.153009,30.633044,6号线,武汉
162,海口三路,BV11638311,HaiKou San Lu,0,1,420100024335029,114.167486,30.634344,6号线,武汉
163,金银湖公园,BV10570921,jin yin hu gong yuan,0,1,420100024335028,114.180894,30.636899,6号线,武汉
164,金银湖,BV10570923,JinYinHu,0,1,420100024335027,114.204948,30.639308,6号线,武汉
165,园博园北,BV10565826,YuanBoYuanBei,1,1,420100024335026,114.222603,30.637990,6号线,武汉
166,轻工大学,BV10570925,QingGong DaXue,0,1,420100024335025,114.234406,30.639680,6号线,武汉
167,常青花园,BV10060890,chang qing hua yuan,1,1,420100024335024,114.242435,30.640564,6号线,武汉
168,杨汊湖,BV10060889,YangChaHu,0,1,420100024335023,114.261081,30.635814,6号线,武汉
169,石桥,BV10060888,ShiQiao,0,1,420100024335022,114.265265,30.630637,6号线,武汉
170,唐家墩,BV10060887,TangJiaDun,0,1,420100024335021,114.271276,30.617653,6号线,武汉
171,三眼桥,BV10570924,SanYanQiao,0,1,420100024335020,114.275743,30.610324,6号线,武汉
172,香港路,BV10060857,xiang gang lu,1,1,420100024331010,114.284769,30.605235,6号线,武汉
173,苗栗路,BV10060885,miao li lu,0,1,420100024335018,114.289952,30.598804,6号线,武汉
174,大智路,BV10057868,da zhi lu,1,1,420100024335017,114.295038,30.592581,6号线,武汉
175,江汉路,BV10060884,jiang han lu,1,1,420100024335016,114.292306,30.579581,6号线,武汉
176,六渡桥,BV10570927,liu du qiao,0,1,420100024335015,114.284270,30.574991,6号线,武汉
177,汉正街,BV10060883,han zheng jie,0,1,420100024335014,114.274677,30.571218,6号线,武汉
178,武胜路,BV10060882,wu sheng lu,0,1,420100024335013,114.268958,30.569459,6号线,武汉
179,琴台,BV10060779,qin tai,0,1,420100024335012,114.266282,30.557559,6号线,武汉
180,钟家村,BV10060881,zhong jia cun,1,1,420100024335011,114.266158,30.549283,6号线,武汉
181,马鹦路,BV10060880,ma ying lu,0,1,420100024335010,114.266799,30.537882,6号线,武汉
182,建港,BV10570922,jian gang,0,1,420100024335009,114.259685,30.526609,6号线,武汉
183,前进村,BV10060878,qian jin cun,0,1,420100024335008,114.253366,30.520144,6号线,武汉
184,国博中心北,BV10060877,guo bo zhong xin bei,0,1,420100024335007,114.242654,30.510581,6号线,武汉
185,国博中心南,BV10570926,GuoBo ZhongXin Nan,1,1,420100024335006,114.236109,30.506036,6号线,武汉
186,老关村,BV10060875,LaoGuanCun,1,1,420100024335005,114.225922,30.492910,6号线,武汉
187,江城大道,BV10060874,jiang cheng da dao,0,1,420100024335004,114.202216,30.496388,6号线,武汉
188,车城东路,BV10060873,che cheng dong lu,0,1,420100024335003,114.179988,30.495551,6号线,武汉
189,东风公司,BV10570861,dong feng gong si,1,1,420100024331024,114.166088,30.500107,6号线,武汉
190,横店,BV11304963,HengDian,0,1,900000044148028,114.289753,30.804287,7号线,武汉
191,裕福路,BV09065753,YuFu Lu,0,1,900000044148029,114.278294,30.785748,7号线,武汉
192,天阳大道,BV09065755,TianYang DaDao,0,1,900000044148030,114.270219,30.765499,7号线,武汉
193,腾龙大道,BV11304968,TengLong DaDao,0,1,900000044148031,114.259856,30.727857,7号线,武汉
194,巨龙大道,BV10807913,JuLong DaDao,1,1,420100024404026,114.253845,30.711596,7号线,武汉
195,汤云海路,BV09067830,TangYunHai Lu,0,1,900000044148033,114.237858,30.699759,7号线,武汉
196,马池,BV09073681,MaChi,0,1,900000044148034,114.225407,30.655554,7号线,武汉
197,园博园北,BV10565826,YuanBoYuanBei,1,1,420100024335026,114.222603,30.637990,7号线,武汉
198,园博园,BV10575223,yuan bo yuan,0,1,900000044148002,114.225873,30.618327,7号线,武汉
199,常码头,BV10575216,chang ma tou,0,1,900000044148003,114.234790,30.604632,7号线,武汉
200,武汉商务区,BV10570865,wu han shang wu qu,1,1,420100024331014,114.246879,30.597587,7号线,武汉
201,王家墩东,BV10060905,wang jia dun dong,1,1,420100024404017,114.263288,30.594245,7号线,武汉
202,取水楼,BV10575214,qu shui lou,0,1,900000044148006,114.274655,30.597634,7号线,武汉
203,香港路,BV10060857,xiang gang lu,1,1,420100024331010,114.284769,30.605235,7号线,武汉
204,三阳路,BV10057861,san yang lu,1,1,420100034364020,114.301348,30.598718,7号线,武汉
205,徐家棚,BV10575217,XuJiaPeng,1,1,900000044147008,114.332095,30.588494,7号线,武汉
206,湖北大学,BV10575219,hu bei da xue,0,1,900000044148010,114.329470,30.577805,7号线,武汉
207,新河街,BV10575215,xin he jie,0,1,900000044148011,114.317111,30.562560,7号线,武汉
208,螃蟹岬,BV10060901,pang xie jia,1,1,420100024404011,114.317476,30.553333,7号线,武汉
209,小东门,BV10575221,xiao dong men,0,1,900000044148013,114.318461,30.545012,7号线,武汉
210,武昌火车站,BV10060908,wu chang huo che zhan,1,1,420100034395002,114.316449,30.530624,7号线,武汉
211,瑞安街,BV10575212,rui an jie,0,1,900000044148015,114.314257,30.516522,7号线,武汉
212,建安街,BV10575213,jian an jie,0,1,900000044148016,114.313759,30.504025,7号线,武汉
213,湖工大,BV10575220,hu gong da,0,1,900000044148017,114.313384,30.483656,7号线,武汉
214,板桥,BV10575210,ban qiao,0,1,900000044148020,114.313464,30.474294,7号线,武汉
215,野芷湖,BV10575222,YeZhiHu,1,1,900000044147024,114.319502,30.460928,7号线,武汉
216,新路村,BV10877564,xin lu cun,0,1,900000044148021,114.318411,30.441596,7号线,武汉
217,大花岭,BV10877560,da hua ling,0,1,900000044148022,114.320107,30.412329,7号线,武汉
218,江夏客厅,BV10877561,jiang xia ke ting,0,1,900000044148023,114.321746,30.389156,7号线,武汉
219,谭鑫培公园,BV10877563,tan xin pei gong yuan,0,1,900000044148024,114.322041,30.370536,7号线,武汉
220,北华街,BV10877559,bei hua jie,0,1,900000044148025,114.323569,30.358100,7号线,武汉
221,纸坊大街,BV10877562,zhi fang da jie,0,1,900000044148026,114.324577,30.344775,7号线,武汉
222,青龙山地铁小镇,BV10877558,qing long shan di tie xiao zhen,0,1,900000044148027,114.334041,30.318800,7号线,武汉
223,金潭路,BV10575986,jin tan lu,0,1,900000044147001,114.284040,30.677200,8号线,武汉
224,宏图大道,BV10060849,hong tu da dao,1,1,420100024331002,114.277759,30.670353,8号线,武汉
225,塔子湖,BV10575984,ta zi hu,0,1,900000044147003,114.280364,30.652594,8号线,武汉
226,中一路,BV10904560,zhong yi lu,0,1,900000044147004,114.281162,30.639903,8号线,武汉
227,竹叶山,BV10575985,ZhuYe Shan,0,1,900000044147005,114.287104,30.625318,8号线,武汉
228,赵家条,BV10060855,zhao jia tiao,1,1,420100024331008,114.297076,30.617866,8号线,武汉
229,黄浦路,BV10060930,huang pu lu,1,1,420100034364021,114.308156,30.608404,8号线,武汉
230,徐家棚,BV10575217,XuJiaPeng,1,1,900000044147008,114.332095,30.588494,8号线,武汉
231,徐东,BV10779795,xu dong,0,1,900000044147012,114.346233,30.587975,8号线,武汉
232,汪家墩,BV10575981,wang jia dun,0,1,900000044147009,114.350076,30.585167,8号线,武汉
233,岳家嘴,BV10057892,yue jia zui,1,1,420100034395009,114.362010,30.577109,8号线,武汉
234,梨园,BV10575987,li yuan,0,1,900000044147011,114.370081,30.574832,8号线,武汉
235,省博湖北日报,BV11475178,ShengBo HuBei RiBao,0,1,900000044147013,114.365294,30.564871,8号线,武汉
236,中南医院,BV11475172,ZhongNan YiYuan,0,1,900000044147014,114.357089,30.556807,8号线,武汉
237,水果湖,BV11475169,ShuiGuoHu,0,1,900000044147015,114.346346,30.551863,8号线,武汉
238,洪山路,BV11475174,HongShan Lu,0,1,900000044147016,114.343812,30.545492,8号线,武汉
239,小洪山,BV11475175,Xiao HongShan,0,1,900000044147017,114.352367,30.535610,8号线,武汉
240,街道口,BV10057878,JieDao Kou,1,1,420100024404006,114.353503,30.526597,8号线,武汉
241,马房山,BV10748886,Ma FangShan,0,1,900000044147019,114.350438,30.516234,8号线,武汉
242,文治街,BV11475168,WenZhi Jie,0,1,900000044147020,114.344226,30.499990,8号线,武汉
243,文昌路,BV11475173,WenChang Lu,0,1,900000044147021,114.329911,30.492013,8号线,武汉
244,省农科院,BV11475176,Sheng NongKeYuan,0,1,900000044147022,114.325808,30.481799,8号线,武汉
245,马湖,BV11475177,MaHu,0,1,900000044147023,114.325040,30.471754,8号线,武汉
246,野芷湖,BV10575222,YeZhiHu,1,1,900000044147024,114.319502,30.460928,8号线,武汉
247,黄家湖地铁小镇,BV11475170,HuangJiaHu DiTie XiaoZhen,0,1,900000044147025,114.298049,30.436741,8号线,武汉
248,军运村,BV11475171,JunYunCun,0,1,900000044147026,114.295024,30.427348,8号线,武汉
249,武汉东站,BV11472570,WuHan DongZhan,1,1,420100024404035,114.431755,30.486956,11号线,武汉
250,湖口,BV10845601,HuKou,0,1,900000073743002,114.448734,30.487938,11号线,武汉
251,光谷同济医院,BV10845606,GuangGu TongJi YiYuan,0,1,900000073743003,114.466409,30.485267,11号线,武汉
252,光谷生物园,BV10845607,GuangGu ShengWu Yuan,0,1,900000073743004,114.481231,30.487610,11号线,武汉
253,光谷四路,BV10845604,GuangGu Si Lu,0,1,900000073743005,114.492018,30.489155,11号线,武汉
254,光谷五路,BV10845608,GuangGu Wu Lu,1,1,900000073743006,114.502876,30.485101,11号线,武汉
255,光谷六路,BV10845598,GuangGu Liu Lu,0,1,900000073743007,114.512862,30.485028,11号线,武汉
256,豹澥,BV10845605,BaoXie,0,1,900000073743008,114.522905,30.488736,11号线,武汉
257,光谷七路,BV10845603,GuangGu Qi Lu,0,1,900000073743009,114.534098,30.488447,11号线,武汉
258,长岭山,BV10845609,ChangLing Shan,0,1,900000073743010,114.563156,30.487628,11号线,武汉
259,未来一路,BV10845610,WeiLai YiLu,0,1,900000073743011,114.585145,30.484577,11号线,武汉
260,未来三路,BV10845599,WeiLai San Lu,0,1,900000073743012,114.605998,30.486450,11号线,武汉
261,左岭,BV10845600,ZuoLing,0,1,900000073743013,114.620662,30.488119,11号线,武汉
262,葛店南站,BV11310977,GeDian NanZhan,0,1,900000073743014,114.660675,30.489320,11号线,武汉
263,国博中心南,BV10570926,GuoBo ZhongXin Nan,1,1,420100024335006,114.236109,30.506036,16号线,武汉
264,老关村,BV10060875,LaoGuanCun,1,1,420100024335005,114.225922,30.492910,16号线,武汉
265,南太子湖,BV10994207,NanTaiZiHu,0,1,900000090803010,114.220062,30.476763,16号线,武汉
266,沌口,BV10994205,ZhuanKou,0,1,900000090803009,114.205210,30.462005,16号线,武汉
267,小军山,BV10994211,Xiao JunShan,0,1,900000090803008,114.158383,30.404752,16号线,武汉
268,枫林,BV10994213,FengLin,0,1,900000090803007,114.144810,30.389468,16号线,武汉
269,大军山,BV10994206,DaJun Shan,0,1,900000090803006,114.132762,30.375637,16号线,武汉
270,桂子湖,BV10994214,GuiZiHu,0,1,900000090803005,114.093695,30.358558,16号线,武汉
271,马影河,BV10994212,MaYingHe,0,1,900000090803004,114.068792,30.341694,16号线,武汉
272,协子河,BV10994209,XieZiHe,0,1,900000090803003,114.059869,30.332275,16号线,武汉
273,湾湖,BV10994210,WanHu,0,1,900000090803002,114.047088,30.323551,16号线,武汉
274,周家河,BV10994208,ZhouJiaHe,0,1,900000090803001,114.035102,30.304590,16号线,武汉
275,纱帽,BV09065752,ShaMao,0,1,900000090803014,114.052174,30.280258,16号线,武汉
276,通航机场,BV09065754,TongHang JiChang,0,1,900000090803013,114.062984,30.269699,16号线,武汉
277,新月溪公园,BV11144876,XinYueXi GongYuan,0,1,900000115789006,114.502879,30.476360,19号线,武汉
278,光谷五路,BV10845608,GuangGu Wu Lu,1,1,900000073743006,114.502876,30.485101,19号线,武汉
279,花山河,BV11144879,HuaShanHe,0,1,900000115789004,114.512443,30.541243,19号线,武汉
280,花山新城,BV11144878,HuaShan XinCheng,0,1,900000115789003,114.504183,30.554645,19号线,武汉
281,鼓架山,BV11620745,GuJia Shan,0,1,900000115789007,114.466404,30.553403,19号线,武汉
282,武东,BV11144877,WuDong,0,1,900000115789002,114.457159,30.578433,19号线,武汉
283,武汉站西广场,BV11675680,WuHan ZhanXi GuangChang,0,1,900000115789001,114.422911,30.604844,19号线,武汉
284,后湖大道,BV10060850,hou hu da dao,1,1,420100024331004,114.304127,30.650284,21号线(阳逻线),武汉
285,百步亭花园路,BV10859495,bai bu ting hua yuan lu,0,1,900000075739018,114.315485,30.654377,21号线(阳逻线),武汉
286,新荣,BV10060934,XinRong,1,1,420100034364026,114.332763,30.657595,21号线(阳逻线),武汉
287,幸福湾,BV10859492,xing fu wan,0,1,900000075739020,114.344101,30.672102,21号线(阳逻线),武汉
288,朱家河,BV10859482,zhu jia he,0,1,900000075739021,114.364654,30.680146,21号线(阳逻线),武汉
289,谌家矶,BV10859493,chen jia ji,0,1,900000075739022,114.373120,30.683869,21号线(阳逻线),武汉
290,青龙,BV10859485,qing long,0,1,900000075739023,114.390414,30.705460,21号线(阳逻线),武汉
291,高车,BV10859489,gao che,0,1,900000075739024,114.409040,30.713601,21号线(阳逻线),武汉
292,武湖,BV10859491,wu hu,0,1,900000075739025,114.429990,30.707017,21号线(阳逻线),武汉
293,沙口,BV10859483,sha kou,0,1,900000075739026,114.477733,30.709197,21号线(阳逻线),武汉
294,军民村,BV10859486,jun min cun,0,1,900000075739027,114.515236,30.709985,21号线(阳逻线),武汉
295,武生院,BV10859487,wu sheng yuan,0,1,900000075739028,114.525709,30.708536,21号线(阳逻线),武汉
296,阳逻,BV10859490,yang luo,0,1,900000075739029,114.553039,30.703571,21号线(阳逻线),武汉
297,阳逻开发区,BV10859494,YangLuo KaiFaQu,0,1,900000075739030,114.567772,30.701603,21号线(阳逻线),武汉
298,施岗,BV10859484,shi gang,0,1,900000075739031,114.600916,30.706234,21号线(阳逻线),武汉
299,金台,BV10859488,jin tai,0,1,900000075739032,114.619116,30.713671,21号线(阳逻线),武汉
